Port_ID,CENTER_LON,CENTER_LAT
-1,-64.26840620689656,18.234004137931034
0,-63.044450000000005,18.010393333333333
1,-64.94997666666666,18.334145555555555
2,-64.5972975,18.4017525
3,-64.75487625,17.696372500000003
4,-64.60922249999999,18.4256475
5,-65.83694,18.052565
6,-64.93986,18.309922500000003
7,-64.92175285714286,18.334531428571427
8,-64.978538,18.318328
9,-64.96177333333333,18.316996666666668
10,-64.649486,18.387494000000004
11,-64.60467,18.416185
12,-65.611655,18.082295
